{
  "model": "Qwen/Qwen2.5-1.5B-Instruct",
  "device": "cuda",
  "seq_len_target": 4096,
  "seq_len_actual": 4096,
  "layer_idx": 27,
  "hot_window": 256,
  "block_size": 128,
  "top_k": 3,
  "cold_range": [
    0,
    3840
  ],
  "hot_range": [
    3840,
    4096
  ],
  "num_layers": 28,
  "num_all_blocks": 840,
  "num_layer_blocks": 30,
  "num_selected_blocks": 3,
  "cold_k_len": 3840,
  "candidate_k_len": 384,
  "full_k_len": 4096,
  "working_k_len": 640,
  "coverage_ratio": 0.1,
  "working_ratio": 0.15625,
  "candidate_kv": {
    "layer_idx": 27,
    "start": 3328,
    "end": 3840,
    "length": 512,
    "k_shape": [
      1,
      2,
      384,
      128
    ],
    "v_shape": [
      1,
      2,
      384,
      128
    ],
    "k_device": "cpu",
    "v_device": "cpu"
  },
  "working_kv": {
    "layer_idx": 27,
    "candidate_range": [
      3328,
      3840
    ],
    "hot_range": [
      3840,
      4096
    ],
    "length": 640,
    "k_shape": [
      1,
      2,
      640,
      128
    ],
    "v_shape": [
      1,
      2,
      640,
      128
    ],
    "k_device": "cpu",
    "v_device": "cpu"
  },
  "attention_compare": {
    "full_output_shape": [
      1,
      2,
      1,
      128
    ],
    "approx_output_shape": [
      1,
      2,
      1,
      128
    ],
    "mean_abs_diff": 0.023545723408460617,
    "max_abs_diff": 0.12161707878112793,
    "l2_diff": 0.568314790725708
  },
  "top_scores": [
    {
      "layer_idx": 27,
      "block_id": 29,
      "start": 3712,
      "end": 3840,
      "score": 486.0889267578125
    },
    {
      "layer_idx": 27,
      "block_id": 28,
      "start": 3584,
      "end": 3712,
      "score": 472.59144592285156
    },
    {
      "layer_idx": 27,
      "block_id": 26,
      "start": 3328,
      "end": 3456,
      "score": 464.1908119506836
    }
  ],
  "selected_block_ranks": [
    0,
    1,
    2
  ],
  "selected_block_ids": [
    29,
    28,
    26
  ],
  "selected_block_scores": [
    486.0889267578125,
    472.59144592285156,
    464.1908119506836
  ],
  "selected_block_spans": [
    [
      3712,
      3840
    ],
    [
      3584,
      3712
    ],
    [
      3328,
      3456
    ]
  ],
  "scoring_variant": "mean_plus_norm",
  "prompt_type": "prose"
}