{
  "model": "Qwen/Qwen2.5-1.5B-Instruct",
  "device": "cuda",
  "seq_len_target": 4096,
  "seq_len_actual": 4096,
  "layer_idx": 27,
  "hot_window": 256,
  "block_size": 256,
  "top_k": 6,
  "cold_range": [
    0,
    3840
  ],
  "hot_range": [
    3840,
    4096
  ],
  "num_layers": 28,
  "num_all_blocks": 420,
  "num_layer_blocks": 15,
  "num_selected_blocks": 6,
  "cold_k_len": 3840,
  "candidate_k_len": 1536,
  "full_k_len": 4096,
  "working_k_len": 1792,
  "coverage_ratio": 0.4,
  "working_ratio": 0.4375,
  "candidate_kv": {
    "layer_idx": 27,
    "start": 2304,
    "end": 3840,
    "length": 1536,
    "range_length": 1536,
    "tensor_length": 1536,
    "k_shape": [
      1,
      2,
      1536,
      128
    ],
    "v_shape": [
      1,
      2,
      1536,
      128
    ],
    "k_device": "cpu",
    "v_device": "cpu",
    "selected_spans": [
      [
        2304,
        2560
      ],
      [
        2560,
        2816
      ],
      [
        2816,
        3072
      ],
      [
        3072,
        3328
      ],
      [
        3328,
        3584
      ],
      [
        3584,
        3840
      ]
    ],
    "is_contiguous": true
  },
  "working_kv": {
    "layer_idx": 27,
    "candidate_range": [
      2304,
      3840
    ],
    "hot_range": [
      3840,
      4096
    ],
    "length": 1792,
    "candidate_tensor_length": 1536,
    "candidate_is_contiguous": true,
    "candidate_selected_spans": [
      [
        2304,
        2560
      ],
      [
        2560,
        2816
      ],
      [
        2816,
        3072
      ],
      [
        3072,
        3328
      ],
      [
        3328,
        3584
      ],
      [
        3584,
        3840
      ]
    ],
    "k_shape": [
      1,
      2,
      1792,
      128
    ],
    "v_shape": [
      1,
      2,
      1792,
      128
    ],
    "k_device": "cpu",
    "v_device": "cpu"
  },
  "attention_compare": {
    "full_output_shape": [
      1,
      2,
      1,
      128
    ],
    "approx_output_shape": [
      1,
      2,
      1,
      128
    ],
    "mean_abs_diff": 0.022945856675505638,
    "max_abs_diff": 0.1324300765991211,
    "l2_diff": 0.5792856812477112
  },
  "top_scores": [
    {
      "layer_idx": 27,
      "block_id": 14,
      "start": 3584,
      "end": 3840,
      "score": 520.3009823608398
    },
    {
      "layer_idx": 27,
      "block_id": 13,
      "start": 3328,
      "end": 3584,
      "score": 504.69477465820313
    },
    {
      "layer_idx": 27,
      "block_id": 12,
      "start": 3072,
      "end": 3328,
      "score": 498.73301391601564
    },
    {
      "layer_idx": 27,
      "block_id": 11,
      "start": 2816,
      "end": 3072,
      "score": 494.25950012207034
    },
    {
      "layer_idx": 27,
      "block_id": 10,
      "start": 2560,
      "end": 2816,
      "score": 490.4397828979492
    },
    {
      "layer_idx": 27,
      "block_id": 9,
      "start": 2304,
      "end": 2560,
      "score": 482.34739584350586
    }
  ],
  "selected_block_ranks": [
    0,
    1,
    2,
    3,
    4,
    5
  ],
  "selected_block_ids": [
    14,
    13,
    12,
    11,
    10,
    9
  ],
  "selected_block_scores": [
    520.3009823608398,
    504.69477465820313,
    498.73301391601564,
    494.25950012207034,
    490.4397828979492,
    482.34739584350586
  ],
  "selected_block_spans": [
    [
      3584,
      3840
    ],
    [
      3328,
      3584
    ],
    [
      3072,
      3328
    ],
    [
      2816,
      3072
    ],
    [
      2560,
      2816
    ],
    [
      2304,
      2560
    ]
  ],
  "scoring_variant": "mean_plus_norm",
  "prompt_type": "repetitive"
}