{
  "model": "Qwen/Qwen2.5-1.5B-Instruct",
  "device": "cuda",
  "seq_len_target": 4096,
  "seq_len_actual": 4096,
  "layer_idx": 27,
  "hot_window": 256,
  "block_size": 256,
  "top_k": 4,
  "cold_range": [
    0,
    3840
  ],
  "hot_range": [
    3840,
    4096
  ],
  "num_layers": 28,
  "num_all_blocks": 420,
  "num_layer_blocks": 15,
  "num_selected_blocks": 4,
  "cold_k_len": 3840,
  "candidate_k_len": 1024,
  "full_k_len": 4096,
  "working_k_len": 1280,
  "coverage_ratio": 0.26666666666666666,
  "working_ratio": 0.3125,
  "candidate_kv": {
    "layer_idx": 27,
    "start": 2816,
    "end": 3840,
    "length": 1024,
    "range_length": 1024,
    "tensor_length": 1024,
    "k_shape": [
      1,
      2,
      1024,
      128
    ],
    "v_shape": [
      1,
      2,
      1024,
      128
    ],
    "k_device": "cpu",
    "v_device": "cpu",
    "selected_spans": [
      [
        2816,
        3072
      ],
      [
        3072,
        3328
      ],
      [
        3328,
        3584
      ],
      [
        3584,
        3840
      ]
    ],
    "is_contiguous": true
  },
  "working_kv": {
    "layer_idx": 27,
    "candidate_range": [
      2816,
      3840
    ],
    "hot_range": [
      3840,
      4096
    ],
    "length": 1280,
    "candidate_tensor_length": 1024,
    "candidate_is_contiguous": true,
    "candidate_selected_spans": [
      [
        2816,
        3072
      ],
      [
        3072,
        3328
      ],
      [
        3328,
        3584
      ],
      [
        3584,
        3840
      ]
    ],
    "k_shape": [
      1,
      2,
      1280,
      128
    ],
    "v_shape": [
      1,
      2,
      1280,
      128
    ],
    "k_device": "cpu",
    "v_device": "cpu"
  },
  "attention_compare": {
    "full_output_shape": [
      1,
      2,
      1,
      128
    ],
    "approx_output_shape": [
      1,
      2,
      1,
      128
    ],
    "mean_abs_diff": 0.027121268212795258,
    "max_abs_diff": 0.15311503410339355,
    "l2_diff": 0.6609786152839661
  },
  "top_scores": [
    {
      "layer_idx": 27,
      "block_id": 14,
      "start": 3584,
      "end": 3840,
      "score": 520.3009823608398
    },
    {
      "layer_idx": 27,
      "block_id": 13,
      "start": 3328,
      "end": 3584,
      "score": 504.69477465820313
    },
    {
      "layer_idx": 27,
      "block_id": 12,
      "start": 3072,
      "end": 3328,
      "score": 498.73301391601564
    },
    {
      "layer_idx": 27,
      "block_id": 11,
      "start": 2816,
      "end": 3072,
      "score": 494.25950012207034
    }
  ],
  "selected_block_ranks": [
    0,
    1,
    2,
    3
  ],
  "selected_block_ids": [
    14,
    13,
    12,
    11
  ],
  "selected_block_scores": [
    520.3009823608398,
    504.69477465820313,
    498.73301391601564,
    494.25950012207034
  ],
  "selected_block_spans": [
    [
      3584,
      3840
    ],
    [
      3328,
      3584
    ],
    [
      3072,
      3328
    ],
    [
      2816,
      3072
    ]
  ],
  "scoring_variant": "mean_plus_norm",
  "prompt_type": "repetitive"
}